"Profession","Job Description","Resume"
"Retail Salespersons","Serve as the primary point of contact for customers in a retail setting. Offer guidance on products, handle merchandise displays, and process sales transactions. Address customer inquiries and concerns, ensuring a positive shopping experience. Maintain awareness of current promotions and store policies to provide accurate information.","Jane Smith: 5 years' experience as Lead Sales Associate at Prestige Retailers. Boosted sales by 15% through personalized customer engagement. Trained and mentored over 20 new staff members. Recognized for consistently maintaining top-performer status and providing exceptional customer service."
"Office Clerks","Support office operations by performing general clerical duties, from answering phones to maintaining files. Facilitate internal and external communication, distribute correspondence, and manage supplies. Input, update, and retrieve information from various computer systems. Collaborate with multiple departments to streamline administrative processes.","John Doe: Dedicated Office Clerk with 6 years at Dynamic Corp, specializing in administrative efficiency. Managed a system overhaul that increased data retrieval speed by 25%. Skilled in advanced office software, handling communication, and streamlining workflows. Twice awarded 'Employee of the Month' for exceptional dedication."
"Food Service Workers","Prepare and serve food items in adherence to health and safety standards. Take customer orders, ensuring accuracy and timely delivery. Maintain cleanliness of food preparation and serving areas. Collaborate with kitchen staff to manage inventory and optimize food quality.","Lucia Martinez: Accomplished Chef with 7 years at Five-Star Bistro. Created a seasonal menu that boosted restaurant ratings by 2 stars. Led a team of 15 staff, achieving the lowest staff turnover rate. Known for innovative fusion dishes and a commitment to culinary excellence."
"Registered Nurses","Provide direct patient care, from administering medications to monitoring vital signs. Collaborate with doctors and other healthcare professionals to develop and implement patient care plans. Educate patients and their families on health conditions, preventive care, and post-treatment wellness. Document patient interactions and update medical records in adherence to regulations.","Brian Lee: Registered Nurse with 8 years in the Critical Care Unit at HealthFirst Hospital. Oversaw patient care for high-risk patients, reducing complications by 20%. Trained over 30 nurses in best care practices. Recipient of the 'Nurse of the Year' award in 2022."
"Elementary School Teachers","Develop and deliver lesson plans catered to young learners across various subjects. Evaluate student performance through assessments, providing feedback and guidance. Foster a positive, inclusive, and stimulating learning environment. Engage with parents, school staff, and administrators to support student growth and address concerns.","Farah Ali: Elementary Teacher with 10 years at Bright Futures Academy. Implemented a digital literacy program, improving student tech proficiency by 30%. Mentored five junior teachers in curriculum development. Awarded 'Teacher of the Year' thrice for outstanding commitment to student growth."
"Truck Drivers","Safely operate trucks to transport goods between specified locations. Ensure timely deliveries while adhering to established routes and regulations. Monitor vehicle condition, perform minor repairs, and maintain relevant documentation. Communicate with dispatchers, customers, and supply chain personnel for smooth operations.","Mike Johnson: Seasoned Truck Driver with 12 years transporting goods across the country for Swift Transports. Maintained a 100% safety record and consistently met delivery deadlines. Proficient in advanced navigation software and vehicle maintenance. Twice recognized for perfect attendance and commitment to duty."
"Farmworkers","Participate in planting, cultivating, and harvesting crops. Operate farm machinery and equipment in alignment with safety standards. Assist with livestock care, including feeding, grooming, and health monitoring. Maintain farm facilities, ensuring cleanliness and functionality.","Sara Gonzalez: Farmworker with 9 years at Green Valley Orchards. Spearheaded a pest-management initiative that increased crop yield by 15%. Skilled in organic farming techniques and modern farm machinery. Led training for new hires on sustainable farming practices."
"Construction Laborers","Engage in tasks requiring physical labor at construction sites. Utilize and maintain various tools and equipment, ensuring safety and efficiency. Assist with site preparation, digging, erecting scaffolding, and moving materials. Collaborate with skilled tradespeople and follow directions to support project completion.","Samuel Okafor: Construction Laborer with 8 years at BuildRight Inc. Played a key role in completing 20+ major projects ahead of schedule. Certified in operating various construction machines. Awarded 'Laborer of the Month' five times for dedication and efficiency."
"Janitors and Cleaners","Clean and maintain the appearance and functionality of assigned buildings or areas. Utilize various equipment and products to ensure thorough sanitation. Address minor maintenance issues, from changing light bulbs to minor repairs. Adhere to health and safety guidelines, ensuring a safe environment for building occupants.","Lily Chen: Head Janitor with 7 years at City Mall. Implemented eco-friendly cleaning practices, reducing costs by 10%. Skilled in advanced sanitation equipment and techniques. Recognized for consistently exceeding cleanliness standards and training new staff."
"Cashiers","Process sales transactions, handle cash, and provide change in a retail setting. Engage with customers, addressing inquiries and ensuring a positive checkout experience. Maintain an organized, clean, and well-stocked checkout area. Resolve payment discrepancies and assist with inventory management tasks.","Rahul Patel: Lead Cashier with 6 years at MegaStore Supermarket. Improved checkout efficiency by 20% through a new queuing system. Trained over 15 cashiers in point-of-sale software and customer service. Awarded 'Cashier of the Year' twice for exemplary service and reliability."
